{"cameraMode":{"drawMode":0,"name":"Shaded","section":"Shading Mode"},"sceneLighting":true,"audioPlay":false,"sceneViewState":{"showFog":true,"showMaterialUpdate":false,"showSkybox":true,"showFlares":true,"showImageEffects":true,"showParticleSystems":true},"in2DMode":false,"pivot":{"x":-0.16224193572998048,"y":1.5351128578186036,"z":-0.7937994003295898},"rotation":{"x":-0.06937485188245774,"y":0.9120823740959168,"z":-0.17334100604057313,"w":-0.36503687500953677},"size":10.0,"orthographic":false}